file,species
0021e90e4.png,Small-flowered Cranesbill
003d61042.png,Small-flowered Cranesbill
007b3da8b.png,Fat Hen
0086a6340.png,Fat Hen
00c47e980.png,Sugar beet
00d090cde.png,Sugar beet
00ef713a8.png,Common Chickweed
01291174f.png,Common Chickweed
026716f9b.png,Sugar beet
02cfeb38d.png,Sugar beet
03566743d.png,Loose Silky-bent
03a2ee656.png,Loose Silky-bent
03e322a29.png,Common Chickweed
03ef36742.png,Common Chickweed
043449b0b.png,Fat Hen
0437393b1.png,Fat Hen
04814f36d.png,Loose Silky-bent
05341a8a6.png,Loose Silky-bent
060450d79.png,Loose Silky-bent
060f1dc84.png,Loose Silky-bent
0625f063b.png,Cleavers
063363305.png,Cleavers
06d12f6fa.png,Small-flowered Cranesbill
071cb3ece.png,Small-flowered Cranesbill
0751c0bbc.png,Small-flowered Cranesbill
07e62f903.png,Small-flowered Cranesbill
085974290.png,Scentless Mayweed
0885e7690.png,Scentless Mayweed
089ad62a7.png,Fat Hen
08d591441.png,Fat Hen
0911d3dee.png,Fat Hen
099b961ec.png,Fat Hen
0a64e3e6c.png,Common wheat
0ad9e7dfb.png,Common wheat
0ae6668fa.png,Fat Hen
0bf7bfb05.png,Fat Hen
0c27cf05f.png,Common Chickweed
0c4199daa.png,Common Chickweed
0c45ace27.png,Shepherds Purse
0c51bf229.png,Shepherds Purse
0c5f6c493.png,Fat Hen
0caeda5df.png,Fat Hen
0d117d910.png,Small-flowered Cranesbill
0d31e6602.png,Small-flowered Cranesbill
0dba99002.png,Shepherds Purse
0e8492cb1.png,Shepherds Purse
0ebf8f2f4.png,Fat Hen
0ee4ad224.png,Fat Hen
0f6cbe5e8.png,Fat Hen
0fb233ad6.png,Fat Hen
115f93ecc.png,Charlock
116b136de.png,Charlock
1191ba346.png,Fat Hen
11d3f68ff.png,Fat Hen
122913909.png,Shepherds Purse
12625488b.png,Shepherds Purse
126a71ce0.png,Common Chickweed
1312065a5.png,Common Chickweed
1364b297a.png,Sugar beet
1376f3b63.png,Sugar beet
13b9fa92d.png,Fat Hen
1459e96a0.png,Fat Hen
148bbda66.png,Charlock
14bb43eee.png,Charlock
1541bdb2e.png,Loose Silky-bent
1623fb9e1.png,Loose Silky-bent
16357b436.png,Cleavers
16467a950.png,Cleavers
165681fd9.png,Loose Silky-bent
1694a70e4.png,Loose Silky-bent
16fd2e01a.png,Loose Silky-bent
172f9b10b.png,Loose Silky-bent
17529c555.png,Black-grass
1758a1baf.png,Black-grass
177d7e2a4.png,Loose Silky-bent
17a78fb44.png,Loose Silky-bent
17d5e5ac4.png,Common Chickweed
1821eb11a.png,Common Chickweed
187668bde.png,Maize
1926e82fd.png,Maize
19618ad6a.png,Loose Silky-bent
19b51843a.png,Loose Silky-bent
19e58cc5e.png,Common wheat
19fdf19fb.png,Common wheat
1b490196c.png,Shepherds Purse
1b6a6494d.png,Shepherds Purse
1be0713da.png,Small-flowered Cranesbill
1bf9b94a6.png,Small-flowered Cranesbill
1c52ea820.png,Fat Hen
1c680883c.png,Fat Hen
1cfd91582.png,Maize
1d0cbd819.png,Maize
1d321253f.png,Charlock
1d48b7564.png,Charlock
1d56351b2.png,Common Chickweed
1dc7c45df.png,Common Chickweed
1e095a7e1.png,Maize
1f290e016.png,Maize
1f3f44563.png,Small-flowered Cranesbill
1f5e5554e.png,Small-flowered Cranesbill
1fefb54b7.png,Loose Silky-bent
205df1df3.png,Loose Silky-bent
20817c846.png,Sugar beet
20e562fd5.png,Sugar beet
20ea96bcc.png,Small-flowered Cranesbill
20f983a71.png,Small-flowered Cranesbill
2126dc71b.png,Loose Silky-bent
219fd68d5.png,Loose Silky-bent
223e4af09.png,Maize
22e79540f.png,Maize
22fbf13d6.png,Fat Hen
239bdf640.png,Fat Hen
23bc8ec4f.png,Charlock
23e480e64.png,Charlock
2406d6c99.png,Small-flowered Cranesbill
241e6935a.png,Small-flowered Cranesbill
248436078.png,Cleavers
24a058589.png,Cleavers
24c94a6ca.png,Loose Silky-bent
24d36c52c.png,Loose Silky-bent
24d78df74.png,Sugar beet
24dbc3b21.png,Sugar beet
258b1183c.png,Cleavers
25a4c427e.png,Cleavers
25cf6eb73.png,Charlock
25fa8d109.png,Charlock
26852751a.png,Common wheat
2693e5c65.png,Common wheat
26e7ae885.png,Maize
270b939cf.png,Maize
279df95f2.png,Fat Hen
288564c76.png,Fat Hen
29bab7cad.png,Loose Silky-bent
29ce426a1.png,Loose Silky-bent
29f49cd0b.png,Black-grass
2a5064f19.png,Black-grass
2a667e099.png,Small-flowered Cranesbill
2b55a2da2.png,Small-flowered Cranesbill
2bd74d2da.png,Common Chickweed
2d5058a59.png,Common Chickweed
2d992d1fb.png,Small-flowered Cranesbill
2d9c798f9.png,Small-flowered Cranesbill
2dd5cfba9.png,Fat Hen
2df78338c.png,Fat Hen
2e86f1085.png,Common Chickweed
2ea664465.png,Common Chickweed
2f0004a7f.png,Fat Hen
2f246d688.png,Fat Hen
2ff5cb348.png,Sugar beet
30ad31220.png,Sugar beet
3185294c8.png,Sugar beet
31f3dd81f.png,Sugar beet
31fcdc161.png,Loose Silky-bent
3281183f9.png,Loose Silky-bent
32a8c8a1d.png,Fat Hen
32b42c120.png,Fat Hen
32c86784b.png,Common Chickweed
33317fc2a.png,Common Chickweed
33448fe39.png,Loose Silky-bent
33748968f.png,Loose Silky-bent
338c7e907.png,Fat Hen
34dd57ca9.png,Fat Hen
3526b05cc.png,Common Chickweed
35a90f8d0.png,Common Chickweed
35cf9fa01.png,Common Chickweed
35ebe165c.png,Common Chickweed
36839d5e9.png,Common Chickweed
36d62bf36.png,Common Chickweed
36ed4f215.png,Shepherds Purse
37297a64c.png,Shepherds Purse
37714071b.png,Fat Hen
377283a21.png,Fat Hen
37c3108d6.png,Cleavers
37e545a60.png,Cleavers
3827436f3.png,Fat Hen
38c054379.png,Fat Hen
391dcd7fd.png,Sugar beet
39858776a.png,Sugar beet
39b740f7e.png,Loose Silky-bent
39c8fde99.png,Loose Silky-bent
39d569be4.png,Charlock
3a909ead8.png,Charlock
3abb502fb.png,Loose Silky-bent
3b73c3b61.png,Loose Silky-bent
3bbef3ecb.png,Fat Hen
3d38a87bc.png,Fat Hen
3d65168c2.png,Loose Silky-bent
3d67c434b.png,Loose Silky-bent
3da774107.png,Small-flowered Cranesbill
3dd52bd2a.png,Small-flowered Cranesbill
3e9f41817.png,Loose Silky-bent
3ebbe9ca4.png,Loose Silky-bent
3eda9cbb6.png,Small-flowered Cranesbill
3edf5e9ef.png,Small-flowered Cranesbill
3eebd36c6.png,Common Chickweed
3efa1f66c.png,Common Chickweed
3f64c2c1b.png,Maize
3f826b318.png,Maize
3f92d8039.png,Cleavers
3fbd0fc6a.png,Cleavers
3fbf1a417.png,Fat Hen
4049a6ea6.png,Fat Hen
406162ef9.png,Fat Hen
406ecb5c5.png,Fat Hen
410e6f702.png,Common Chickweed
41e07778c.png,Common Chickweed
41f1c3cdb.png,Sugar beet
4287d810c.png,Sugar beet
429211ee6.png,Fat Hen
42e7ed442.png,Fat Hen
4392d93cf.png,Fat Hen
43ede9de9.png,Fat Hen
444473900.png,Fat Hen
446f7da01.png,Fat Hen
44e8b8833.png,Shepherds Purse
456d507c0.png,Shepherds Purse
466bb6d3b.png,Cleavers
46c14fde2.png,Cleavers
47b7d8e17.png,Small-flowered Cranesbill
47f9e5d91.png,Small-flowered Cranesbill
48231e475.png,Loose Silky-bent
4823c3ffa.png,Loose Silky-bent
486e59179.png,Charlock
48d97c645.png,Charlock
48ef6a2ff.png,Common Chickweed
490c4f9c8.png,Common Chickweed
4a337a4a9.png,Shepherds Purse
4ac29bbf0.png,Shepherds Purse
4b032563b.png,Shepherds Purse
4b155fb07.png,Shepherds Purse
4bbf1f6ea.png,Sugar beet
4bbfd1e05.png,Sugar beet
4bcdaa5e2.png,Cleavers
4c5ab9b68.png,Cleavers
4c7838de4.png,Charlock
4c8005bbc.png,Charlock
4e1190d78.png,Fat Hen
4e18ab737.png,Fat Hen
4e69d100a.png,Fat Hen
4e9d3765f.png,Fat Hen
4ea7493d5.png,Fat Hen
4f44ca525.png,Fat Hen
4f83143e1.png,Fat Hen
502dff972.png,Fat Hen
506347cfe.png,Charlock
50de8a115.png,Charlock
521b27a17.png,Loose Silky-bent
523e5505c.png,Loose Silky-bent
5296835a0.png,Maize
52a87abe5.png,Maize
52dc7a4d6.png,Common Chickweed
5315c2dca.png,Common Chickweed
534e74d83.png,Charlock
539961189.png,Charlock
53ceb4657.png,Maize
53e6e9000.png,Maize
54b3afd58.png,Fat Hen
54c8bb900.png,Fat Hen
550a8b7e6.png,Fat Hen
55251925f.png,Fat Hen
558aa7deb.png,Sugar beet
55920f07f.png,Sugar beet
55a852f40.png,Sugar beet
55fed435f.png,Sugar beet
56112b92c.png,Sugar beet
56a01b835.png,Sugar beet
5779fe8b4.png,Common Chickweed
5817b766d.png,Common Chickweed
5883b423d.png,Fat Hen
589e643b8.png,Fat Hen
590f5aea6.png,Loose Silky-bent
592473c83.png,Loose Silky-bent
592cc5b89.png,Common Chickweed
59358cd44.png,Common Chickweed
593896f83.png,Charlock
599691cd9.png,Charlock
599c82eea.png,Loose Silky-bent
59b2c6f2b.png,Loose Silky-bent
59c6a9f95.png,Common Chickweed
59e1cea8d.png,Common Chickweed
59f62ad1d.png,Loose Silky-bent
5a38ac566.png,Loose Silky-bent
5a6bf96f6.png,Small-flowered Cranesbill
5af1d74ee.png,Small-flowered Cranesbill
5b3000b9a.png,Shepherds Purse
5b3beec58.png,Shepherds Purse
5b63dcc21.png,Cleavers
5bbc0a255.png,Cleavers
5bc6595f6.png,Fat Hen
5bd71f445.png,Fat Hen
5bdcfa329.png,Fat Hen
5c3cd7ea2.png,Fat Hen
5ca0205f9.png,Common wheat
5ca2687a4.png,Common wheat
5dcad9a53.png,Small-flowered Cranesbill
5e6a237f2.png,Small-flowered Cranesbill
5eb9c26a6.png,Fat Hen
5ee9d0a5b.png,Fat Hen
5f04aed97.png,Charlock
6049234e6.png,Charlock
604dd663f.png,Scentless Mayweed
606647f64.png,Scentless Mayweed
60ee66ddd.png,Loose Silky-bent
60f0bc617.png,Loose Silky-bent
60fea2ef6.png,Maize
615d2b0a9.png,Maize
618de3d7a.png,Fat Hen
61b044411.png,Fat Hen
61dd2cdc5.png,Loose Silky-bent
632156793.png,Loose Silky-bent
63c07d340.png,Small-flowered Cranesbill
647689543.png,Small-flowered Cranesbill
64fe8beb9.png,Common Chickweed
653193c1a.png,Common Chickweed
65489944f.png,Sugar beet
659412b1a.png,Sugar beet
65d08b894.png,Loose Silky-bent
65e262a6d.png,Loose Silky-bent
65e97117e.png,Cleavers
664194d19.png,Cleavers
6680836dd.png,Charlock
668c1007c.png,Charlock
66ab0e8d0.png,Loose Silky-bent
675ec1b0b.png,Loose Silky-bent
67ce3eaa6.png,Common Chickweed
67e185673.png,Common Chickweed
686dc7ec8.png,Scentless Mayweed
6908fb540.png,Scentless Mayweed
6982a9d30.png,Cleavers
699d3c707.png,Cleavers
69d1669f8.png,Loose Silky-bent
6a41bf95b.png,Loose Silky-bent
6a47821f9.png,Fat Hen
6b721f68e.png,Fat Hen
6b9d6f8c9.png,Common wheat
6ba4ef411.png,Common wheat
6bce55e05.png,Common Chickweed
6be169e41.png,Common Chickweed
6c874918c.png,Sugar beet
6d6eb3830.png,Sugar beet
6da892be6.png,Shepherds Purse
6db684fff.png,Shepherds Purse
6dd095129.png,Maize
6df8e31ea.png,Maize
6edb96d45.png,Cleavers
6edc76e7c.png,Cleavers
711b46fba.png,Fat Hen
71334c634.png,Fat Hen
71b232519.png,Fat Hen
71e73a8a0.png,Fat Hen
71f5323c5.png,Cleavers
721b2c47a.png,Cleavers
721be0a4a.png,Black-grass
728eabae1.png,Black-grass
73260a4ee.png,Cleavers
74068643d.png,Cleavers
74d810f87.png,Loose Silky-bent
74fd477eb.png,Loose Silky-bent
7506c0c02.png,Loose Silky-bent
752101fdf.png,Loose Silky-bent
754b1adf8.png,Maize
756dd5070.png,Maize
75cb95e91.png,Small-flowered Cranesbill
7615e52d3.png,Small-flowered Cranesbill
76555b064.png,Loose Silky-bent
7691014a1.png,Loose Silky-bent
7696badea.png,Loose Silky-bent
76dbd1054.png,Loose Silky-bent
770a265f5.png,Fat Hen
77ccb8b2a.png,Fat Hen
780bd2a2c.png,Loose Silky-bent
780defa2e.png,Loose Silky-bent
785a73ab8.png,Sugar beet
78750e0ff.png,Sugar beet
78b1bf91a.png,Fat Hen
78c5fba1d.png,Fat Hen
79d93bc96.png,Fat Hen
79dafec17.png,Fat Hen
79e5ea8fa.png,Small-flowered Cranesbill
79fba50db.png,Small-flowered Cranesbill
7a38416be.png,Loose Silky-bent
7b21ba6ba.png,Loose Silky-bent
7b52585da.png,Charlock
7beb2766f.png,Charlock
7c85b0265.png,Fat Hen
7cabd68cc.png,Fat Hen
7d22abf91.png,Loose Silky-bent
7d3045fc3.png,Loose Silky-bent
7d4cd07ad.png,Charlock
7e9cf1c46.png,Charlock
7f31c7f42.png,Black-grass
7f46a71db.png,Black-grass
7f9e9565d.png,Sugar beet
7fdb7202d.png,Sugar beet
800a8c17e.png,Fat Hen
808578ed5.png,Fat Hen
808cf55c6.png,Black-grass
809eb0b82.png,Black-grass
80e299ae9.png,Common Chickweed
8104422bb.png,Common Chickweed
8170d33c1.png,Cleavers
824f5d4e5.png,Cleavers
827279bad.png,Loose Silky-bent
82b5f4d33.png,Loose Silky-bent
8301b0547.png,Charlock
8303b27ed.png,Charlock
8311740de.png,Charlock
835dc5447.png,Charlock
837ac0270.png,Small-flowered Cranesbill
8455169fe.png,Small-flowered Cranesbill
851c90831.png,Cleavers
85431c075.png,Cleavers
855955aaf.png,Fat Hen
856f2910a.png,Fat Hen
8585f9718.png,Fat Hen
862b8e7a0.png,Fat Hen
86676d627.png,Fat Hen
866be78b0.png,Fat Hen
86c309150.png,Shepherds Purse
86f08e6d1.png,Shepherds Purse
87608f7aa.png,Fat Hen
87f627bf9.png,Fat Hen
8874bba69.png,Cleavers
88ac6df54.png,Cleavers
88d8a4508.png,Fat Hen
8916793ce.png,Fat Hen
892e9d6c6.png,Loose Silky-bent
897e5a8de.png,Loose Silky-bent
8a30b2de3.png,Small-flowered Cranesbill
8a32d0bfa.png,Small-flowered Cranesbill
8a4d3a1b1.png,Cleavers
8a8d6c712.png,Cleavers
8ab8a958b.png,Charlock
8b043093d.png,Charlock
8b27bfd2b.png,Loose Silky-bent
8b9144917.png,Loose Silky-bent
8bc0261c9.png,Small-flowered Cranesbill
8c98a6e9b.png,Small-flowered Cranesbill
8c9953903.png,Sugar beet
8ca6140ca.png,Sugar beet
8cf2e3e6c.png,Common Chickweed
8cf909eb3.png,Common Chickweed
8cfd98117.png,Fat Hen
8d6991365.png,Fat Hen
8d6acbe9b.png,Common Chickweed
8db450ce3.png,Common Chickweed
8dbb8e1b9.png,Small-flowered Cranesbill
8e29abce1.png,Small-flowered Cranesbill
8e2e5604e.png,Fat Hen
8e3ed0a25.png,Fat Hen
8e4eaeec0.png,Fat Hen
8e6ec1ca6.png,Fat Hen
8ece6efec.png,Common Chickweed
8f523520c.png,Common Chickweed
8faadb6a8.png,Common Chickweed
90b595f12.png,Common Chickweed
90d119d25.png,Common Chickweed
91e469b4a.png,Common Chickweed
92292055d.png,Maize
93079d970.png,Maize
9326bda1b.png,Small-flowered Cranesbill
93d76fd5d.png,Small-flowered Cranesbill
948cdb277.png,Cleavers
9516e56c4.png,Cleavers
953496deb.png,Shepherds Purse
958bb9e96.png,Shepherds Purse
963544aa0.png,Cleavers
9643fc5f4.png,Cleavers
966ae5ad9.png,Fat Hen
969a851be.png,Fat Hen
96ecad7a1.png,Loose Silky-bent
96f14d90c.png,Loose Silky-bent
974959ec1.png,Loose Silky-bent
976e4e079.png,Loose Silky-bent
97844bfd5.png,Cleavers
97b2f0a10.png,Cleavers
98062cd87.png,Small-flowered Cranesbill
98d819587.png,Small-flowered Cranesbill
98da6ef4e.png,Charlock
99036c51d.png,Charlock
99569b224.png,Fat Hen
995c7ab1e.png,Fat Hen
9a3f20121.png,Fat Hen
9aa5587fe.png,Fat Hen
9b4800b42.png,Charlock
9b9911f20.png,Charlock
9baf94467.png,Small-flowered Cranesbill
9c0c5b731.png,Small-flowered Cranesbill
9c32a797e.png,Cleavers
9c777333d.png,Cleavers
9c8b08a24.png,Charlock
9cce7328c.png,Charlock
9d3cb4745.png,Loose Silky-bent
9d79a1f0c.png,Loose Silky-bent
9df3275da.png,Fat Hen
9fab816f2.png,Fat Hen
a006a475c.png,Small-flowered Cranesbill
a060c1cf8.png,Small-flowered Cranesbill
a0b393945.png,Fat Hen
a0f37c726.png,Fat Hen
a169b71e7.png,Common Chickweed
a19c3faca.png,Common Chickweed
a1da8be3c.png,Black-grass
a1e0a6c02.png,Black-grass
a254d71f6.png,Maize
a276c65f7.png,Maize
a2b703e21.png,Fat Hen
a2c89c367.png,Fat Hen
a2d25b4f3.png,Small-flowered Cranesbill
a35fd6fbb.png,Small-flowered Cranesbill
a38b8a581.png,Common wheat
a3b375b34.png,Common wheat
a3d0031fd.png,Small-flowered Cranesbill
a4b61a4ea.png,Small-flowered Cranesbill
a544fc46d.png,Charlock
a55d26a4c.png,Charlock
a5db42f7d.png,Small-flowered Cranesbill
a74bf916d.png,Small-flowered Cranesbill
a74d475c2.png,Common Chickweed
a7bd7cadb.png,Common Chickweed
a800caead.png,Loose Silky-bent
a83820a2c.png,Loose Silky-bent
a8388a37f.png,Charlock
a85b48a95.png,Charlock
a85fc8c9a.png,Fat Hen
a890ac088.png,Fat Hen
a8b431a3e.png,Maize
a8c8a1db0.png,Maize
a8da9c08d.png,Small-flowered Cranesbill
a8de7c1b7.png,Small-flowered Cranesbill
a935ca110.png,Small-flowered Cranesbill
a93f940d6.png,Small-flowered Cranesbill
a9d2eab61.png,Fat Hen
aa7d098d1.png,Fat Hen
aad8375e0.png,Shepherds Purse
aaf4da98f.png,Shepherds Purse
ab0f67743.png,Scentless Mayweed
ab35453cb.png,Scentless Mayweed
abc331628.png,Charlock
abf8b0772.png,Charlock
ac3193f78.png,Charlock
ac75d3326.png,Charlock
acdb75e00.png,Loose Silky-bent
ace8761dd.png,Loose Silky-bent
ad12382d4.png,Loose Silky-bent
adb7a032c.png,Loose Silky-bent
ae90f2827.png,Small-flowered Cranesbill
aecfaed64.png,Small-flowered Cranesbill
aee6fa3df.png,Fat Hen
af45e222a.png,Fat Hen
afa446484.png,Small-flowered Cranesbill
afcf6abd5.png,Small-flowered Cranesbill
b026bf8ca.png,Scentless Mayweed
b03397525.png,Scentless Mayweed
b0acaff4a.png,Sugar beet
b130a0632.png,Sugar beet
b145ba9d4.png,Fat Hen
b1cd2a91e.png,Fat Hen
b215531dd.png,Cleavers
b2706e2b3.png,Cleavers
b29339405.png,Loose Silky-bent
b30ab4659.png,Loose Silky-bent
b31292706.png,Loose Silky-bent
b341d0aab.png,Loose Silky-bent
b39c71707.png,Maize
b3d6fdb80.png,Maize
b3e08b037.png,Fat Hen
b47691c08.png,Fat Hen
b4c3df835.png,Maize
b4f7c9214.png,Maize
b573b7a56.png,Loose Silky-bent
b5c7fd009.png,Loose Silky-bent
b62dca166.png,Common Chickweed
b687160f5.png,Common Chickweed
b6a3f7876.png,Fat Hen
b6f3d8b5d.png,Fat Hen
b7192c70f.png,Charlock
b7a7f6390.png,Charlock
b7ad92859.png,Common Chickweed
b828443ff.png,Common Chickweed
b9062c1c8.png,Loose Silky-bent
b944a49ca.png,Loose Silky-bent
b98327bf4.png,Fat Hen
ba3ce6b3e.png,Fat Hen
bb1c84bbc.png,Charlock
bb1d1bfd3.png,Charlock
bb20fce02.png,Charlock
bb64660b7.png,Charlock
bb7621cb3.png,Small-flowered Cranesbill
bd72d4d8a.png,Small-flowered Cranesbill
bd789d151.png,Sugar beet
bdde957ec.png,Sugar beet
be2499cf4.png,Loose Silky-bent
be341dbdc.png,Loose Silky-bent
bea23d9f8.png,Loose Silky-bent
bebcaab66.png,Loose Silky-bent
beebe5f4e.png,Small-flowered Cranesbill
bf3924a57.png,Small-flowered Cranesbill
bf66b9cd2.png,Sugar beet
bfab3e3d0.png,Sugar beet
bffc08672.png,Shepherds Purse
c0461776c.png,Shepherds Purse
c069fc3fa.png,Common Chickweed
c06e7c748.png,Common Chickweed
c0bc3997b.png,Cleavers
c0d9e170b.png,Cleavers
c0f5d9ac8.png,Small-flowered Cranesbill
c10ccbd82.png,Small-flowered Cranesbill
c10db7ae2.png,Fat Hen
c1ecff98b.png,Fat Hen
c26ccf73c.png,Common Chickweed
c2de6020a.png,Common Chickweed
c35efa095.png,Charlock
c4ed8ed38.png,Charlock
c50335991.png,Sugar beet
c5078bac5.png,Sugar beet
c5e419015.png,Small-flowered Cranesbill
c5e88cd42.png,Small-flowered Cranesbill
c60e91e07.png,Cleavers
c63da993b.png,Cleavers
c64370a72.png,Sugar beet
c6b76307d.png,Sugar beet
c6c8d4ba0.png,Loose Silky-bent
c7051c902.png,Loose Silky-bent
c74c5b7fc.png,Fat Hen
c75a82234.png,Fat Hen
c7ae30f3a.png,Common wheat
c7b07431e.png,Common wheat
c7eb96871.png,Cleavers
c832e4302.png,Cleavers
c85ef220d.png,Loose Silky-bent
c88ebfb47.png,Loose Silky-bent
c8f50f0c3.png,Fat Hen
caa2fbd79.png,Fat Hen
cadab6616.png,Charlock
cae684f8f.png,Charlock
cb496f36e.png,Loose Silky-bent
cb76a7766.png,Loose Silky-bent
cbba27d89.png,Small-flowered Cranesbill
cbe761896.png,Small-flowered Cranesbill
cc3d2a59a.png,Sugar beet
cc74feadc.png,Sugar beet
cd5f0db1c.png,Charlock
cd6adba97.png,Charlock
ce15eee52.png,Charlock
ce3d280eb.png,Charlock
ce42adffb.png,Small-flowered Cranesbill
cec5bf198.png,Small-flowered Cranesbill
cf3a8b2fd.png,Small-flowered Cranesbill
cf46d09c5.png,Small-flowered Cranesbill
cf90fc52d.png,Small-flowered Cranesbill
cfb18d262.png,Small-flowered Cranesbill
cfd8165e9.png,Sugar beet
d0152bd7c.png,Sugar beet
d01873fdd.png,Common Chickweed
d09275360.png,Common Chickweed
d09d24c58.png,Small-flowered Cranesbill
d0cdc768f.png,Small-flowered Cranesbill
d102e1a15.png,Sugar beet
d14aa43f3.png,Sugar beet
d17f48d3b.png,Charlock
d2f0f326e.png,Charlock
d2f422ccb.png,Common Chickweed
d2fd9df40.png,Common Chickweed
d3331e071.png,Loose Silky-bent
d350a25fa.png,Loose Silky-bent
d41d87796.png,Loose Silky-bent
d488a4fe1.png,Loose Silky-bent
d515398fd.png,Fat Hen
d563be369.png,Fat Hen
d5f7dd60a.png,Cleavers
d668409ff.png,Cleavers
d689256be.png,Cleavers
d6c8c3c48.png,Cleavers
d6d31dcbe.png,Charlock
d6d80a321.png,Charlock
d7017f701.png,Loose Silky-bent
d84d37a61.png,Loose Silky-bent
d89db156f.png,Small-flowered Cranesbill
d8f4923f8.png,Small-flowered Cranesbill
d93c7ab6d.png,Small-flowered Cranesbill
d9c50616e.png,Small-flowered Cranesbill
da231c97f.png,Fat Hen
da4ed3a28.png,Fat Hen
da5255450.png,Common Chickweed
da713c465.png,Common Chickweed
da9ef7858.png,Scentless Mayweed
dabe3e5be.png,Scentless Mayweed
dabea05f4.png,Small-flowered Cranesbill
dc4cd56a3.png,Small-flowered Cranesbill
dc55449b2.png,Fat Hen
dcd7ff249.png,Fat Hen
dce2f6612.png,Shepherds Purse
dd5ec63d9.png,Shepherds Purse
dd9f36df7.png,Maize
de0b79659.png,Maize
df11d56a7.png,Loose Silky-bent
df521c0c0.png,Loose Silky-bent
df7cb5f87.png,Sugar beet
dfb1d9012.png,Sugar beet
e0ec5b6a1.png,Loose Silky-bent
e14afa235.png,Loose Silky-bent
e15472085.png,Common Chickweed
e15fce4f2.png,Common Chickweed
e1809cef2.png,Loose Silky-bent
e19673dc9.png,Loose Silky-bent
e19ad6ac9.png,Charlock
e1a0e3202.png,Charlock
e1abb4ff9.png,Fat Hen
e3f50adfc.png,Fat Hen
e471f1d3a.png,Loose Silky-bent
e478c452c.png,Loose Silky-bent
e4a76885b.png,Loose Silky-bent
e4d5ec761.png,Loose Silky-bent
e5064f6be.png,Common Chickweed
e52493d0b.png,Common Chickweed
e5297b675.png,Common Chickweed
e5368474f.png,Common Chickweed
e5881dd33.png,Small-flowered Cranesbill
e5e3dccff.png,Small-flowered Cranesbill
e6f1211a2.png,Small-flowered Cranesbill
e7077322d.png,Small-flowered Cranesbill
e721c6ac8.png,Fat Hen
e73e308be.png,Fat Hen
e783f5a4f.png,Charlock
e80a259c5.png,Charlock
e82017baa.png,Small-flowered Cranesbill
e84464f5a.png,Small-flowered Cranesbill
e88bf0db9.png,Loose Silky-bent
e901b0f28.png,Loose Silky-bent
e921021a8.png,Charlock
e96e57a90.png,Charlock
e98e5d1d5.png,Loose Silky-bent
e9cd91682.png,Loose Silky-bent
e9d48d664.png,Fat Hen
eaf0815e2.png,Fat Hen
ec08a5d56.png,Small-flowered Cranesbill
ede6b84b4.png,Small-flowered Cranesbill
edfdb4aeb.png,Small-flowered Cranesbill
eec1079a1.png,Small-flowered Cranesbill
eef131644.png,Fat Hen
ef02b4ee7.png,Fat Hen
ef3e232ad.png,Common Chickweed
ef65533d5.png,Common Chickweed
ef74dbcad.png,Cleavers
ef7a5651d.png,Cleavers
ef9676433.png,Charlock
efe19dc32.png,Charlock
f0ffa00bd.png,Sugar beet
f1e87cba7.png,Sugar beet
f1f7c833f.png,Fat Hen
f23faf9c1.png,Fat Hen
f25996db8.png,Loose Silky-bent
f2dc546ca.png,Loose Silky-bent
f33e9d918.png,Loose Silky-bent
f351ce097.png,Loose Silky-bent
f3fcfff1b.png,Common wheat
f4021df6c.png,Common wheat
f4234cf4f.png,Common Chickweed
f445fe6fb.png,Common Chickweed
f48916a8c.png,Charlock
f4ad9d950.png,Charlock
f4caf74f9.png,Fat Hen
f4e7733d4.png,Fat Hen
f593c9cf0.png,Loose Silky-bent
f66ae4070.png,Loose Silky-bent
f6d250856.png,Cleavers
f8318faf1.png,Cleavers
f85ed9b6d.png,Loose Silky-bent
f9b6bfb00.png,Loose Silky-bent
f9ea23fb5.png,Loose Silky-bent
f9f35cbd4.png,Loose Silky-bent
fa5fd1384.png,Common Chickweed
fa9f3a8f9.png,Common Chickweed
fadc6adbc.png,Sugar beet
fb022edf9.png,Sugar beet
fba8fc78a.png,Fat Hen
fbf88b6be.png,Fat Hen
fc3e58836.png,Common Chickweed
fc6f686fb.png,Common Chickweed
fd253a74e.png,Loose Silky-bent
fd87b36ae.png,Loose Silky-bent
fd925f542.png,Common Chickweed
fda0b5c38.png,Common Chickweed
fda39e16f.png,Scentless Mayweed
fdea6b119.png,Scentless Mayweed
fe29629fb.png,Common Chickweed
fe9e87b78.png,Common Chickweed
fea1d13d6.png,Fat Hen
fea355851.png,Fat Hen
fea3da57c.png,Fat Hen
fef2ade8c.png,Fat Hen
ff65bc002.png,Shepherds Purse
ffc6f8527.png,Shepherds Purse
